{
  "schema_version": "scene.v1",
  "id": "scene.01.01",
  "title": "Collapsed Access Vein",

  "environment": {
    "id": "env.vein.collapse"
  },

  "encounter": {
    "monsters": [
      { "id": "enemy.ironbound.judge", "count": 1 }
    ],
    "traps": [
      { "id": "trap.hematite_spike", "count": 1 }
    ],
    "hazards": [
      "hazard.bloodslick"
    ]
  },

  "loot_table": [
    "loot.vein_fragment.t1"
  ],

  "flags": {
    "all_enemies_defeated": false
  },

  "metrics": {
    "track": [
      "damage_taken",
      "interrupts_taken",
      "chains_declared"
    ]
  },

  "events": [
    {
      "id": "event.clean_victory",
      "trigger": { "type": "on_scene_complete" },
      "conditions": [
        { "type": "player_no_damage" }
      ],
      "effects": [
        { "type": "award_achievement", "id": "ach.clean_entry" },
        { "type": "narration_prompt", "id": "narration.clean_victory" }
      ]
    }
  ],

  "completion_conditions": [
    { "type": "all_enemies_defeated" }
  ]
}
