{
  "schema_version": "scene.v1",
  "id": "scene.01.02",
  "title": "Vein Narrows",

  "environment": {
    "id": "env.vein.collapse"
  },

  "encounter": {
  "monsters": [
    { "id": "enemy.ironbound.judge", "count": 2 }
  ],
  "traps": [
    { "id": "trap.hematite_spike", "count": 1 }
  ],
  "hazards": [
    "hazard.bloodslick"
  ]
},


  "loot_table": [
    "loot.vein_fragment.t1"
  ],

  "events": [
    {
      "id": "event.pressure_builds",
      "trigger": { "type": "on_scene_start" },
      "conditions": [],
      "effects": [
        {
          "type": "emit_ui_event",
          "event": {
            "type": "narration",
            "text": "The vein tightens around you. Every step pulls wet stone closer."
          }
        }
      ]
    }
  ],

  "completion_conditions": [
    { "type": "all_enemies_defeated" }
  ]
}
