{
  "schema": "veinbreaker.state_schema.v1",

  "meta": {
    "runId": "string",
    "sessionId": "string",
    "version": "string",
    "timestamp": "iso8601"
  },

  "phase": {
    "current": "idle",
    "round": 0,
    "turnOrder": [],
    "activeEntityId": null
  },

  "party": {
    "members": [
      {
        "id": "string",
        "name": "string",
        "path": "string",

        "status": {
          "alive": true,
          "downed": false,
          "dead": false
        },

        "position": {
          "zone": "string",
          "engaged": false
        },

        "resources": {
          "hp": 0,
          "maxHp": 0,
          "resolve": 0,
          "maxResolve": 0,
          "momentum": 0,
          "heat": 0,
          "balance": 0,
          "veinscoreHeld": 0
        },

        "marks": {
          "bloodMarks": 0,
          "duns": 0,
          "totalMarks": 0
        },

        "chain": {
          "active": false,
          "declaredActions": [],
          "resolvedActions": [],
          "ended": false
        },

        "cooldowns": {
          "abilities": {},
          "resolveActions": {}
        },

        "flags": {
          "hasInterruptedThisRound": false,
          "perfectDefenseAvailable": true
        }
      }
    ]
  },

  "enemies": [
    {
      "id": "string",
      "archetype": "string",
      "tier": 0,

      "status": {
        "alive": true,
        "dead": false
      },

      "position": {
        "zone": "string",
        "engaged": false
      },

      "resources": {
        "hp": 0,
        "maxHp": 0
      },

      "aiState": {
        "interruptUsedThisRound": false,
        "behaviorMode": "string",
        "exposureTriggers": []
      },

      "traits": [],
      "abilities": []
    }
  ],

  "encounter": {
    "active": false,
    "threatBudget": 0,
    "difficulty": "string",
    "arena": {
      "tags": [],
      "hazards": []
    },
    "reinforcementsRemaining": 0
  },

  "hunter": {
    "active": false,
    "pursuitClock": {
      "current": 0,
      "max": 0
    },
    "manifested": false
  },

  "loot": {
    "pendingDrops": [],
    "claimed": []
  },

  "safeRoom": {
    "lastUsedId": null,
    "weakened": false
  },

  "history": {
    "events": [],
    "deaths": [],
    "hunterAppearances": 0
  },

  "constraints": {
    "rulesInvariantsVersion": "string",
    "locked": true
  }
}
