{
  "abilities": [
    {
      "path": "resolve_basic",
      "tier": 0,
      "name": "Disengage",
      "type": "resolve",
      "playMode": "reaction",
      "cost": 1,
      "cooldown": 1,
      "timing": [
        "defense_window"
      ],
      "effect": "End your current chain immediately. No further actions may be taken this chain.",
      "tags": [
        "resolve",
        "movement",
        "defense_window"
      ],
      "constraints": {
        "cannotDealDamage": true,
        "cannotExtendChain": true,
        "cannotBeDeclared": true
      },
      "resolution": "resolve",
      "core": true,
      "id": "resolve_basic.disengage"
    },
    {
      "path": "resolve_basic",
      "tier": 0,
      "name": "Rhythm Break",
      "type": "resolve",
      "playMode": "reaction",
      "cost": 2,
      "cooldown": 2,
      "timing": [
        "defense_window"
      ],
      "effect": "Cancel an Interrupt attempt before the contest is rolled.",
      "tags": [
        "resolve",
        "interrupt",
        "defense_window"
      ],
      "constraints": {
        "cannotDealDamage": true,
        "cannotExtendChain": true,
        "cannotBeDeclared": true
      },
      "resolution": "resolve",
      "core": true,
      "id": "resolve_basic.rhythm_break"
    },
    {
      "path": "resolve_basic",
      "tier": 0,
      "name": "Momentum Anchor",
      "type": "resolve",
      "playMode": "reaction",
      "cost": 1,
      "cooldown": 1,
      "timing": [
        "any_window"
      ],
      "effect": "Gain +1 Momentum. May not be used after damage is dealt.",
      "tags": [
        "resolve",
        "momentum",
        "any_window"
      ],
      "constraints": {
        "cannotDealDamage": true,
        "cannotExtendChain": true,
        "cannotBeDeclared": true
      },
      "resourceDelta": {
        "momentum": 1
      },
      "resolution": "resolve",
      "core": true,
      "id": "resolve_basic.momentum_anchor"
    },
    {
      "path": "resolve_basic",
      "tier": 0,
      "name": "Balance Surge",
      "type": "resolve",
      "playMode": "reaction",
      "cost": 1,
      "cooldown": 1,
      "timing": [
        "any_window"
      ],
      "effect": "Set your Balance to 0. Cannot be used while at Positive Balance.",
      "tags": [
        "resolve",
        "balance",
        "any_window"
      ],
      "constraints": {
        "cannotDealDamage": true,
        "cannotExtendChain": true,
        "cannotBeDeclared": true
      },
      "resolution": "resolve",
      "core": true,
      "id": "resolve_basic.balance_surge"
    },
    {
      "path": "resolve_basic",
      "tier": 0,
      "name": "Last Guard",
      "type": "resolve",
      "playMode": "reaction",
      "cost": 2,
      "cooldown": 3,
      "timing": [
        "defense_window"
      ],
      "effect": "Gain +2 Defense Value against the next Interrupt attempt this round.",
      "tags": [
        "resolve",
        "defense",
        "defense_window"
      ],
      "constraints": {
        "cannotDealDamage": true,
        "cannotExtendChain": true,
        "cannotBeDeclared": true
      },
      "resolution": "resolve",
      "core": false,
      "id": "resolve_basic.last_guard"
    }
  ]
}